index,class,xaiprob_initial,len_xai_initial,xaiprob_final,len_xai_final
3212,0,-0.14,6,-1.41,7
45841,0,-0.11,12,-0.24,13
1706,0,0.02,10,0.02,10
26003,0,-0.13,11,-0.22,11
27925,0,-0.78,8,-1.11,9
28337,0,-0.6,8,-1.26,9
16284,0,0.2,9,0.2,9
894,0,-0.28,10,-0.46,11
4584,0,-0.12,13,-0.17000000178813934,14
24778,0,-0.22,14,-0.2199999988079071,14
